{
  "sensor": "InvenSense_IMU",
  "time": [
    0,
    1,
    2,
    3,
    4,
    5,
    6,
    7,
    8,
    9,
    10,
    11,
    12,
    13,
    14,
    15,
    16,
    17,
    18,
    19,
    20,
    21,
    22,
    23,
    24,
    25,
    26,
    27,
    28,
    29,
    30,
    31,
    32,
    33,
    34,
    35,
    36,
    37,
    38,
    39,
    40,
    41,
    42,
    43,
    44,
    45,
    46,
    47,
    48,
    49,
    50,
    51,
    52,
    53,
    54,
    55,
    56,
    57,
    58,
    59,
    60,
    61,
    62,
    63,
    64,
    65,
    66,
    67,
    68,
    69,
    70,
    71,
    72,
    73,
    74,
    75,
    76,
    77,
    78,
    79,
    80,
    81,
    82,
    83,
    84,
    85,
    86,
    87,
    88,
    89,
    90,
    91,
    92,
    93,
    94,
    95,
    96,
    97,
    98,
    99
  ],
  "accel": [
    [
      -0.08413406408502153,
      0.15553709582881378,
      0.496392682898437
    ],
    [
      -0.548602593078231,
      0.40561652201932574,
      -0.6195737859643405
    ],
    [
      0.1297819768096374,
      0.06004772073498518,
      -0.6108659250190385
    ],
    [
      -0.5903189873570078,
      0.3804204999942501,
      0.4462901890793118
    ],
    [
      0.7559556542368624,
      -0.22956342169912636,
      -0.9786182580812537
    ],
    [
      0.1618604180341783,
      -0.3636604003189872,
      0.28362417797555023
    ],
    [
      -0.7690830965240564,
      -0.07272265496300996,
      0.4954970642327503
    ],
    [
      -0.46128705985078,
      0.1049165489064434,
      -0.6151536896260235
    ],
    [
      0.12930452220484767,
      -0.5637732616967631,
      -0.1927883087326884
    ],
    [
      0.7373068374591693,
      -0.27487008305585164,
      0.23958386105413634
    ],
    [
      0.177866530304345,
      -0.24971290626884474,
      0.33581154478487935
    ],
    [
      -0.5812012997537848,
      -0.5576700324178077,
      -0.3584303065701767
    ],
    [
      0.24026502075507347,
      0.42272560588054375,
      0.2803336754046103
    ],
    [
      0.05077784048334251,
      -0.10579619359092214,
      0.6709019584079329
    ],
    [
      -0.16775409316606948,
      -0.2805991282005681,
      0.16459100606992558
    ],
    [
      -0.4520793246795368,
      -0.6191229934305311,
      -0.6341782498667891
    ],
    [
      0.4100158974401745,
      0.2035078957120662,
      -0.2086542122113603
    ],
    [
      -0.29115669522749965,
      0.2190626614782191,
      -0.01424521893473764
    ],
    [
      -0.029498230948939944,
      0.5669747673342346,
      -0.35340415112851514
    ],
    [
      1.354887156221666,
      0.07337543401236886,
      -0.02972426857620463
    ],
    [
      -0.7230104540664084,
      0.3207701133401753,
      -0.1772097341407426
    ],
    [
      -0.36686295543636016,
      -0.8161130328961316,
      -0.2090579090811587
    ],
    [
      0.4220646013375639,
      -0.414867271135645,
      0.7573943434894577
    ],
    [
      -0.24195834233534497,
      -0.09269103002111789,
      0.45859263340813755
    ],
    [
      -0.6169877545015116,
      -0.7317241511193943,
      0.4564436233313939
    ],
    [
      -0.35502798707446953,
      0.3637668308360762,
      0.057572661064265326
    ],
    [
      -0.06813993335885335,
      -0.3206336166219601,
      -0.15219397224456388
    ],
    [
      0.6155291806004396,
      0.034821648613400265,
      -0.05128718019966547
    ],
    [
      0.3469728655484091,
      0.8582522625206369,
      -0.8038887385422029
    ],
    [
      0.04442341072892764,
      -0.04987559826917471,
      -0.055153282310534096
    ],
    [
      0.23884170349099748,
      0.002122862103806679,
      -0.017212742522773595
    ],
    [
      -0.39510692902177025,
      -0.78804034525053,
      0.543106891071809
    ],
    [
      0.5391399441164804,
      -0.00019058053737683079,
      0.2404192183418874
    ],
    [
      -0.3343978423676777,
      -1.0547983834775492,
      0.20557228680561182
    ],
    [
      -0.026295631533166476,
      0.12425363130498354,
      0.7138263585392978
    ],
    [
      0.2858486991815832,
      -0.15986751592903736,
      0.5385802692877514
    ],
    [
      -0.9244697356029211,
      0.11993659891910227,
      -0.5546000580970896
    ],
    [
      -0.34594114779819723,
      -0.014918040705301205,
      0.0004477320450193034
    ],
    [
      -0.11014748481578047,
      -0.31024199059648877,
      -0.1747021635260875
    ],
    [
      -0.09913088867767234,
      -1.0623746144360657,
      -0.679626113256432
    ],
    [
      -0.6643801531316413,
      0.5935344108058067,
      -0.8218301089740928
    ],
    [
      -0.06114567894811297,
      0.8594783091080932,
      -0.5710383799256276
    ],
    [
      1.283079267454111,
      -0.02103554519100429,
      -0.07184882876254138
    ],
    [
      -0.3472744385386538,
      -0.3094964372667892,
      -0.11845723120560178
    ],
    [
      0.31596532647917597,
      -0.09092930669684733,
      -1.0879056175249315
    ],
    [
      -0.5317551171573451,
      0.03929142013739929,
      0.8804347956060214
    ],
    [
      0.5118861505541153,
      0.17579005112522447,
      0.21180732190423124
    ],
    [
      -0.13240455369735674,
      -0.1685205168450094,
      0.013554791254310496
    ],
    [
      -0.7553819298297721,
      -0.9124211500896066,
      0.4277430655306672
    ],
    [
      -0.013111097858389216,
      -0.3444886497668544,
      0.448368701140748
    ],
    [
      -0.07763042893366091,
      -0.19232213882280164,
      0.4613964238527102
    ],
    [
      0.1836765300399782,
      0.25263560729843293,
      0.5792566219800742
    ],
    [
      -0.01082142311619894,
      0.1430362666950897,
      -0.025556825961196485
    ],
    [
      -0.10209658074707578,
      1.3566129104430196,
      -0.32879683017877703
    ],
    [
      0.9855912691331811,
      -0.2682447591963651,
      0.7914936106390381
    ],
    [
      -0.2663855241243944,
      0.3465410614964826,
      0.6822450134341699
    ],
    [
      0.8846953747695303,
      0.6117161673567291,
      0.36024770071618567
    ],
    [
      0.4490870603514411,
      -0.5871376114411738,
      0.020727920986843326
    ],
    [
      -0.00924350712501184,
      -0.4657410894015062,
      0.1398236520275792
    ],
    [
      -0.62311997146716,
      -0.3399012003675402,
      -0.33288880528334364
    ],
    [
      0.11566253445849514,
      -0.4306685593425158,
      -0.1981224481450098
    ],
    [
      -0.4958503093354493,
      -0.09115522238154698,
      -0.23075540381322915
    ],
    [
      -0.8632764290530784,
      -0.4168745790274922,
      -0.2862426492157455
    ],
    [
      -0.13942314353763838,
      -0.02247245861859395,
      0.2519108078716907
    ],
    [
      -0.2990284315686557,
      -0.40474698008101284,
      0.8206285507327319
    ],
    [
      -0.6250173699326205,
      -0.44724774597496614,
      -0.17569199767357602
    ],
    [
      0.1918441548197576,
      -0.23379304646866447,
      0.49887918433331113
    ],
    [
      0.6003365762999132,
      -0.432377034063736,
      0.34914281106772227
    ],
    [
      -0.4622491039401484,
      -0.06159844621027516,
      0.11549120397973957
    ],
    [
      -0.24567456549816263,
      0.006159910848285423,
      -0.9672614146095204
    ],
    [
      0.17721907151544442,
      -0.017290253586118184,
      0.33536138517670266
    ],
    [
      -0.45692093859308913,
      0.3413981197382692,
      -0.41963488169700564
    ],
    [
      0.22790696797813267,
      -0.32609120409063913,
      -0.6565289560284878
    ],
    [
      -0.6282235407199296,
      0.8836765876484419,
      -0.5155012616386505
    ],
    [
      0.3262247176169226,
      0.07103500690208334,
      0.10254739444674592
    ],
    [
      -0.6044746371711168,
      0.755402081819463,
      0.16960862652427244
    ],
    [
      0.42542450561434814,
      -0.5171737622523915,
